id,raw_text,aspectTerms
9,"F√ºr das Essen 5 von 5 Sternen- war lecker und reichlich, Preislich etwas angehoben.","[{'term': 'Essen', 'polarity': 'positive'}, {'term': 'noaspectterm', 'polarity': 'negative'}]"
34,Mein Rollo war so ungew√ºrzt ‚Ä¶ unsere Freunde lie√üen eine Pfannen-Spezialit√§t des Hauses nach der H√§lfte stehen (sonst sei dieses Gericht wirklich gut).,"[{'term': 'Rollo', 'polarity': 'negative'}, {'term': 'Pfannen-Spezialit√§t', 'polarity': 'negative'}]"
88,Das Kartoffelgratin war ebenfalls von trockener Konsistenz.,"[{'term': 'Kartoffelgratin', 'polarity': 'negative'}]"
92,"Ich hatte am 10.07.2023 meinen Geburtstag in der RESTAURANT_NAME gefeiert, die Kellner waren sehr aufmerksam und das Essen ein Traum, ich kann es nur weiterempfehlen.","[{'term': 'Kellner', 'polarity': 'positive'}, {'term': 'Essen', 'polarity': 'positive'}, {'term': 'noaspectterm', 'polarity': 'positive'}]"
132,Unsere Reservierung wurde verplant.,"[{'term': 'Reservierung', 'polarity': 'negative'}]"
180,Man bekommt nicht mal das Essen was bestellt wurde.,"[{'term': 'noaspectterm', 'polarity': 'negative'}]"
214,Die Gamba waren kalt und kaum aus der Schale zu l√∂sen.,"[{'term': 'Gamba', 'polarity': 'negative'}]"
222,Wir sind ganz zuf√§llig dort gelandet und waren begeistert.,"[{'term': 'noaspectterm', 'polarity': 'positive'}]"
256,So einen schlechten Service hatten wir noch nicht erlebt.,"[{'term': 'Service', 'polarity': 'negative'}]"
277,!Einziger Abzug: Sauberkeit der Toiletten‚Ä¶,"[{'term': 'Sauberkeit der Toiletten', 'polarity': 'negative'}]"
297,Klassische Gerichte modern angerichtet.,"[{'term': 'Gerichte', 'polarity': 'positive'}]"
303,"Als wir bezahleenn wollten, war sie auch wieder nicht auffindbar, dann bekamen wir endlich die Rechnung und sie war wieder weg, bis wir dann endlich bezahlen konnten.","[{'term': 'noaspectterm', 'polarity': 'negative'}]"
335,"Der Lachs war gut, auf den Punkt gegrillt, daran gab es nicht auszusetzen!","[{'term': 'Lachs', 'polarity': 'positive'}]"
400,Wir f√ºhlten uns sehr gest√∂rt und unwohl.,"[{'term': 'noaspectterm', 'polarity': 'negative'}]"
416,Ein sehr gem√ºtliches italienisches Restaurant mit Flair und flei√üigem Personal.,"[{'term': 'Restaurant', 'polarity': 'positive'}, {'term': 'Personal', 'polarity': 'positive'}]"
445,Ich habe schon deutlich besser gegessen und nur die H√§lfte bezahlt.,"[{'term': 'noaspectterm', 'polarity': 'negative'}, {'term': 'noaspectterm', 'polarity': 'negative'}]"
490,Allerdings mussten wir noch weitere 30 Minuten bis zur Lieferung warten.,"[{'term': 'Lieferung', 'polarity': 'negative'}]"
512,Niemand war zust√§ndig.,"[{'term': 'noaspectterm', 'polarity': 'negative'}]"
568,Schade.,"[{'term': 'noaspectterm', 'polarity': 'negative'}]"
576,"LOC, tolles Essen, und nette Bedienung.","[{'term': 'Essen', 'polarity': 'positive'}, {'term': 'Bedienung', 'polarity': 'positive'}]"
578,"Leider hat die Qualit√§t massiv nachgelassen und der Preis 7,10‚Ç¨ hat sich fast verdoppelt, die haben wohl den Knall nicht geh√∂rt und denn rennen einen die Ratten am Stand fast √ºber die F√º√üe ,das geht gar nicht.","[{'term': 'Preis', 'polarity': 'negative'}, {'term': 'noaspectterm', 'polarity': 'negative'}]"
602,Ich bin sehr entt√§uscht und komme nicht wieder.,"[{'term': 'noaspectterm', 'polarity': 'negative'}]"
612,Hatte ein sehniges Teil was nicht zu kauen war die anderen Gerichte waren akzeptabel aber nichts besonderes,"[{'term': 'Gerichte', 'polarity': 'neutral'}, {'term': 'noaspectterm', 'polarity': 'negative'}]"
621,"Ambiente toll , Essen √ºberpreist und das man der Stiefmutter gratuliert ohne was zu hinterfragen ist schon sehr schmerzhaft .. brauch ich nicht nochmal .","[{'term': 'Ambiente', 'polarity': 'positive'}, {'term': 'Essen', 'polarity': 'negative'}]"
654,Ein rundum leckerer Abend.,"[{'term': 'noaspectterm', 'polarity': 'positive'}]"
667,Kommen immer gerne wieder nur zu empfehlen:),"[{'term': 'noaspectterm', 'polarity': 'positive'}]"
673,Der Service ist sehr zuvorkommend und √ºberaus freundlich.,"[{'term': 'Service', 'polarity': 'positive'}]"
684,"Muss nicht sein, kann aber.","[{'term': 'noaspectterm', 'polarity': 'neutral'}]"
699,"Sehr sch√∂ne Atmosph√§re, guter Hauswein, freundliches Personal, haben nur was getrunken, daher kann ich Essen nicht beurteilen.","[{'term': 'Atmosph√§re', 'polarity': 'positive'}, {'term': 'Hauswein', 'polarity': 'positive'}, {'term': 'Personal', 'polarity': 'positive'}]"
724,Die Kellner sind arrogant und respektlos!,"[{'term': 'Kellner', 'polarity': 'negative'}]"
727,"Essen war mittelm√§√üig, Preise D√ºsseldorfer Niveau","[{'term': 'Essen', 'polarity': 'neutral'}, {'term': 'Preise', 'polarity': 'neutral'}]"
738,Nie wieder.,"[{'term': 'noaspectterm', 'polarity': 'negative'}]"
784,Kompliment an das Team in der K√ºche.,"[{'term': 'Team in der K√ºche', 'polarity': 'positive'}]"
793,Sehr aufmerksame Mitarbeiter und das Essen wirklich in sehr guter Qualit√§t.,"[{'term': 'Mitarbeiter', 'polarity': 'positive'}, {'term': 'Essen', 'polarity': 'positive'}]"
823,"Eingekehrt, Sauerbraten bestellt, extrem humorvoller K√∂bes, Spa√ü gehabt, geschmackvolle und gro√üe Portionen bekommen.","[{'term': 'K√∂bes', 'polarity': 'positive'}, {'term': 'Portionen', 'polarity': 'positive'}]"
859,"Essen war wie immer top, jedoch bei den LOC habe ich den Ziegenk√§segeschmack des Ziegenk√§ses vermisst.","[{'term': 'Essen', 'polarity': 'positive'}, {'term': 'LOC', 'polarity': 'negative'}]"
925,Super leckeres Essen mit einer spannenden Auswahl an Gerichten.,"[{'term': 'Essen', 'polarity': 'positive'}, {'term': 'Gerichten', 'polarity': 'positive'}]"
933,Die Toiletten waren sehr sauber.,"[{'term': 'Toiletten', 'polarity': 'positive'}]"
963,Kommen immer gerne wieder hier her und das schon eine sehr sehr lange Zeit und haben bis heute keinen Tag bereut den wir hier waren.,"[{'term': 'noaspectterm', 'polarity': 'positive'}]"
988,"Und heute -September 2023 haben wir auch gleiches bestellt,ist volle Entt√§uschung -die Bratw√ºrste sind um 2-3 cm k√ºrzer geworden und Kartoffelsalat-wie Wassersuppe auch geschmacklos.","[{'term': 'Bratw√ºrste', 'polarity': 'negative'}, {'term': 'Kartoffelsalat', 'polarity': 'negative'}, {'term': 'Wassersuppe', 'polarity': 'negative'}]"
1008,"Zudem war alles sehr √ºberteuert, da h√§tten wir wenigstens etwas mehr Entgegenkommen erwartet.","[{'term': 'noaspectterm', 'polarity': 'negative'}, {'term': 'noaspectterm', 'polarity': 'negative'}]"
1013,ein wirklich tolles Restaurant.,"[{'term': 'Restaurant', 'polarity': 'positive'}]"
1024,"Die Desserts waren mir nicht m√∂glich zu essen, sahen daf√ºr umso besser aus - bei diesen h√§tte ich sehr gerne zugeschlagen!","[{'term': 'Desserts', 'polarity': 'positive'}]"
1028,Macht weiter so.,"[{'term': 'noaspectterm', 'polarity': 'positive'}]"
1030,"Alles in allem: absolute Empfehlung, gerne wieder.","[{'term': 'noaspectterm', 'polarity': 'positive'}]"
1033,Zubereitung auf den Punkt und ansprechend serviert.,"[{'term': 'noaspectterm', 'polarity': 'positive'}]"
1056,"Ach ne, Pampe war das seltsame Sauerkraut.","[{'term': 'Sauerkraut', 'polarity': 'negative'}]"
1057,"LOC Bedienung, lange Wartezeit am Tisch.","[{'term': 'Wartezeit', 'polarity': 'negative'}]"
1059,Es gab einen Gru√ü aus der K√ºche vorweg und dann ein zartes Steak zum Fairen Preis.,"[{'term': 'Steak', 'polarity': 'positive'}, {'term': 'Steak', 'polarity': 'positive'}]"
1062,Riesige R√§ume mit schlechter Bel√ºftung.,"[{'term': 'Bel√ºftung', 'polarity': 'negative'}]"
1067,H√§tten wir mehr Zeit gehabt w√§ren die Sp√§tzle und der Ziegenk√§se mit Salat sofort wieder in die K√ºche zur√ºckgegangen.,"[{'term': 'Sp√§tzle', 'polarity': 'negative'}, {'term': 'Ziegenk√§se mit Salat', 'polarity': 'negative'}]"
1143,"Es lag nicht an den einzelnen Kellnern, sondern an der (offensichtlich gewollten) Unterbesetzung im Service.","[{'term': 'Unterbesetzung', 'polarity': 'negative'}]"
1183,Trotzdem ist es immer einen Besuch wert,"[{'term': 'noaspectterm', 'polarity': 'positive'}]"
1241,"Problematisches P/L-Verh√§ltnis bei den 6 ""fine de claires""-Austern (19,50‚Ç¨), weder geschmacklich noch von der Substanz befriedigend, da winzig; dem ""Loup de mer"" (26,90‚Ç¨) fehlte der Saft, er wirkte trocken und war im √úbrigen ein Gr√§tenmonster, der Spinat wirkte geschmacksneutral, die Bratkartoffeln waren deutlich zu kurz gebraten, kaum Br√§unung.","[{'term': 'fine de claires-Austern', 'polarity': 'negative'}, {'term': 'fine de claires-Austern', 'polarity': 'negative'}, {'term': 'Loup de mer', 'polarity': 'negative'}, {'term': 'Spinat', 'polarity': 'negative'}, {'term': 'Bratkartoffeln', 'polarity': 'negative'}]"
1243,Nie wieder.,"[{'term': 'noaspectterm', 'polarity': 'negative'}]"
1245,Leider ein entt√§uschenden Abend .,"[{'term': 'noaspectterm', 'polarity': 'negative'}]"
1263,"Die Gastst√§tte ist sehr gem√ºtlich und hat den Charme, den man sich bei Oma vorstellt.","[{'term': 'Gastst√§tte', 'polarity': 'positive'}, {'term': 'Charme', 'polarity': 'positive'}]"
1297,"Aber Fernet Branca aus einem Grappaglas, das ist Stilbruch.","[{'term': 'Fernet Branca aus einem Grappaglas', 'polarity': 'negative'}]"
1327,Noch nie so reingelegt worden.,"[{'term': 'noaspectterm', 'polarity': 'negative'}]"
1334,"Das Essen ist zwar etwas teurer als sonst beim LOC, aber auch um mindestens 2 Klassen besser.","[{'term': 'Essen', 'polarity': 'positive'}]"
1347,Gem√ºtliches und heimeliges Restaurant mit Fleischvariationen und k√∂stlichen Beilagen.,"[{'term': 'Restaurant', 'polarity': 'positive'}, {'term': 'Beilagen', 'polarity': 'positive'}]"
1378,Auch extraw√ºnsche konnten wir problemlos √§u√üern.,"[{'term': 'extraw√ºnsche', 'polarity': 'positive'}]"
1414,Von Mal zu Mal wurde es immer schlechter‚Ä¶doch dieses Wochenende wurde einfach wieder √ºbertroffen.,"[{'term': 'noaspectterm', 'polarity': 'negative'}]"
1504,"Also bekamen wir nur mit viel √úberredungskunst dann doch noch einen Tisch, jedoch war ein Gedeck derart im Durchgang, dass ein ungest√∂rtes Essen unm√∂glich war.","[{'term': 'noaspectterm', 'polarity': 'negative'}]"
1508,Portionen auch ordentlich.,"[{'term': 'Portionen', 'polarity': 'positive'}]"
1582,Geschmacklich war es okay.,"[{'term': 'noaspectterm', 'polarity': 'neutral'}]"
1605,"Man sitzt bequem, das Essen ist sehr gut, man muss allerdings Fleisch m√∂gen.","[{'term': 'noaspectterm', 'polarity': 'positive'}, {'term': 'Essen', 'polarity': 'positive'}]"
1676,"Super Restaurant, wir hatten das gar nicht erwartet und wollten nur kurz vor dem Starlight Express noch was essen.","[{'term': 'Restaurant', 'polarity': 'positive'}]"
1702,Sehr gutes Essen und ein toller pers√∂nlicher Service!,"[{'term': 'Essen', 'polarity': 'positive'}, {'term': 'Service', 'polarity': 'positive'}]"
1716,Ein Lob an Koch.,"[{'term': 'noaspectterm', 'polarity': 'positive'}]"
1744,"Bedienung sehr freundlich, top!","[{'term': 'Bedienung', 'polarity': 'positive'}]"
1786,Bedienung leider nicht aufmerksam.,"[{'term': 'Bedienung', 'polarity': 'negative'}]"
1832,Wir hatten einen wunderbaren Abend in der oberen Etage des Restaurants.,"[{'term': 'noaspectterm', 'polarity': 'positive'}]"
1840,Sehr zu empfehlen.,"[{'term': 'noaspectterm', 'polarity': 'positive'}]"
1848,Es war wie immer einfach perfekt.,"[{'term': 'noaspectterm', 'polarity': 'positive'}]"
1907,"Mit 3 Kart√∂ffelchen und einem Schlag Aioli, 3 mini Teigtaschen mit Tomatensosse und minimalem Thunfischgeschmack statt Thunfisch, kann man dann nicht zufrieden sein.","[{'term': 'Kart√∂ffelchen', 'polarity': 'negative'}, {'term': 'Aioli', 'polarity': 'negative'}, {'term': 'Teigtaschen', 'polarity': 'negative'}, {'term': 'Tomatensosse', 'polarity': 'negative'}]"
1928,"Zu abgehoben, man f√ºhlt sich vorgef√ºhrt.","[{'term': 'noaspectterm', 'polarity': 'negative'}]"
1993,Freundliche und sehr flotte Bedienung.,"[{'term': 'Bedienung', 'polarity': 'positive'}]"
2033,Ingesamt ist der gute Herr nicht in der Lage gewesen das Alt zu servieren so das wir nach dem Essen woanders eingekehrt sind.,"[{'term': 'Herr', 'polarity': 'negative'}]"
2072,Die Location kann leider nicht die miese Bedienung und das mehrheitlich unfreundliche Personal raus reissen.,"[{'term': 'Bedienung', 'polarity': 'negative'}, {'term': 'Personal', 'polarity': 'negative'}]"
2097,Sehr netter Service und leckeres Essen.,"[{'term': 'Service', 'polarity': 'positive'}, {'term': 'Essen', 'polarity': 'positive'}]"
2104,Sehr guter und freundlicher Service.,"[{'term': 'Service', 'polarity': 'positive'}]"
2108,"Super freundliche, zuvorkommende Bedienung!!","[{'term': 'Bedienung', 'polarity': 'positive'}]"
2148,"Die schlechteste Haxe, die ich in meinem Leben gegessen habe.","[{'term': 'Haxe', 'polarity': 'negative'}]"
168,"Vor allem in der jetzigen Jahreszeit, den zahlenden Kunden bei Regen, Wind und K√§lte (wie letztes selbst erlebt) 20 min, ungesch√ºtzt vor der T√ºr warten zu lassen grenzt schon an Unversch√§mtheit.","[{'term': 'noaspectterm', 'polarity': 'negative'}]"
179,Nichts konnte √ºberzeugen.,"[{'term': 'noaspectterm', 'polarity': 'negative'}]"
231,Ein Schnitzel glich dem anderen - leider nur TK-Ware ohne Liebe frittiert.,"[{'term': 'Schnitzel', 'polarity': 'negative'}]"
252,"Sehr nettes Personal und Verst√§ndnis, wenn man l√§nger sitzen bleibt.","[{'term': 'Personal', 'polarity': 'positive'}]"
262,Ich w√ºrde das Lokal wieder empfehlen.,"[{'term': 'Lokal', 'polarity': 'positive'}]"
283,Gern wieder :),"[{'term': 'noaspectterm', 'polarity': 'positive'}]"
311,Der Leberk√§se hingegen sehr gut.,"[{'term': 'Leberk√§se', 'polarity': 'positive'}]"
376,Der Keller hat uns durch seine Art den Abend versaut und unsere Tradition endet somit und wir suchen ein neues Lokal.,"[{'term': 'Keller', 'polarity': 'negative'}]"
387,"Ein gem√ºtliches Restaurant, die Aussenbestuhlung befindet sich vor dem Lokal, der bestellte Rosewein wurde hervorragend im Weink√ºhler serviert und unsere Fischgerichte waren sehr lecker!","[{'term': 'Restaurant', 'polarity': 'positive'}, {'term': 'Rosewein', 'polarity': 'positive'}, {'term': 'Fischgerichte', 'polarity': 'positive'}]"
399,Service absolut unterirdisch.,"[{'term': 'Service', 'polarity': 'negative'}]"
402,"Man hat ihn angemerkt, dass er seinen Job gern macht.","[{'term': 'noaspectterm', 'polarity': 'positive'}]"
426,"Dieses Restaurant bietet eine k√∂stliche Auswahl an klassischen Gerichten, von denen jedes vor Geschmack strotzt.","[{'term': 'Gerichten', 'polarity': 'positive'}]"
444,F√ºr einen ruhigen Abend mit wohlf√ºhlcharakter ist man hier definitiv falsch.,"[{'term': 'noaspectterm', 'polarity': 'negative'}]"
471,Wir werden also schon erwartet und sofort k√ºmmert sich der Service um unser Wohl.,"[{'term': 'Service', 'polarity': 'positive'}]"
491,Das Essen war sehr sehr lecker und kam z√ºgig.,"[{'term': 'Essen', 'polarity': 'positive'}, {'term': 'noaspectterm', 'polarity': 'positive'}]"
523,Geschmack fad.,"[{'term': 'noaspectterm', 'polarity': 'negative'}]"
531,"Dann, keine 10 Minuten sp√§ter, bekam ich ein neues Steak, das auf den Punkt zubereitet war.","[{'term': 'Steak', 'polarity': 'positive'}]"
599,Sehr nette und zuvorkommende Bedienung.,"[{'term': 'Bedienung', 'polarity': 'positive'}]"
658,"Leider sind die Toiletten sehr unsauber, nicht gepflegt mit starker Geruchsbildung der einem auf dem Weg dorthin schon entgegen schl√§gt.","[{'term': 'Toiletten', 'polarity': 'negative'}]"
773,Da sollte sich das Management vom LOC sch√§men sowas haben wir nie erlebt.,"[{'term': 'Management', 'polarity': 'negative'}]"
808,"Die Kr√∂nung waren dann die 6,50 Euro f√ºr den 0,1 l Rosenkir.","[{'term': 'noaspectterm', 'polarity': 'positive'}]"
810,Zu dem auch nur lauwarm.,"[{'term': 'noaspectterm', 'polarity': 'negative'}]"
864,"Tolles Ambiente, sch√∂ne Einrichtung.","[{'term': 'Ambiente', 'polarity': 'positive'}, {'term': 'Einrichtung', 'polarity': 'positive'}]"
965,"6 Salatbl√§tter Frisee und 2/3 Croutons sind keine 12,50‚Ç¨ wert!","[{'term': 'Salatbl√§tter Frisee', 'polarity': 'negative'}, {'term': 'Croutons', 'polarity': 'negative'}]"
972,Mehr als 2 Punkte gibt es nicht.,"[{'term': 'noaspectterm', 'polarity': 'negative'}]"
978,Sollte Mann dann doch bei einem Besuch in LOC mit erleben Recht beeindruckend - der gro√üe Saal mit den Gew√∂lben und den Malereien Kann auch sehr gut zu Abend essen dort - und nat√ºrlich auch ein gepflegtes Bier trinken,"[{'term': 'Saal mit den Gew√∂lben', 'polarity': 'positive'}, {'term': 'Malereien', 'polarity': 'positive'}, {'term': 'Bier', 'polarity': 'positive'}, {'term': 'noaspectterm', 'polarity': 'positive'}]"
985,"Richtig sch√∂n, waren die Blumenbl√§tter auf den Gerichten, aber das war leider auch schon alles.","[{'term': 'noaspectterm', 'polarity': 'negative'}, {'term': 'Blumenbl√§tter', 'polarity': 'positive'}]"
1001,Am besten war noch der dazu bestellte gro√üe Salatteller mit Speckw√ºrfel und die gekaufte Breze.,"[{'term': 'Salatteller mit Speckw√ºrfel', 'polarity': 'positive'}, {'term': 'Breze', 'polarity': 'positive'}]"
1002,"Schlechtester Belag, den wir bis jetzt bekommen haben.","[{'term': 'Belag', 'polarity': 'negative'}]"
1014,"Ich war ein absoluter Stammkunde, aber das hat jetzt ein Ende.","[{'term': 'noaspectterm', 'polarity': 'negative'}]"
1022,Wir waren mit unserem Besuch vollsten zufrieden.,"[{'term': 'noaspectterm', 'polarity': 'positive'}]"
1054,Sehr leckerer Lachsteller mit Kartoffeln und Gem√ºse in sch√∂nem Ambiente.,"[{'term': 'Lachsteller mit Kartoffeln', 'polarity': 'positive'}, {'term': 'Gem√ºse', 'polarity': 'positive'}, {'term': 'Ambiente', 'polarity': 'positive'}]"
1064,"1 cm dicke Blutwurst, breiig wie Mus (statt kross gebraten)1 rundes St√ºck frittiertes Fleisch (was lt.","[{'term': 'Blutwurst', 'polarity': 'negative'}]"
1066,"Statt sich um die G√§ste zu k√ºmmern wurde vorgezogen lautstark und vor den G√§sten zu telefonieren, private Unterhaltungen zu f√ºhren oder Raucherpausen zu machen.","[{'term': 'noaspectterm', 'polarity': 'negative'}]"
1074,Preislich daf√ºr zumindest teilweise deutlich √ºberzeugen.,"[{'term': 'noaspectterm', 'polarity': 'negative'}]"
1078,Die Auswahl der Sprizz sind gro√ü - schmeckt auch ohne Alkohol.,"[{'term': 'Auswahl der Sprizz', 'polarity': 'positive'}]"
1081,"Das LOC bietet ein authentisches Steakhouse-Erlebnis, das Fleischliebhaber begeistern wird.","[{'term': 'LOC', 'polarity': 'positive'}, {'term': 'noaspectterm', 'polarity': 'positive'}]"
1106,Bedienung unfreundlich mit verdreckten Oberteil - sorry unappetitlich hoch drei .,"[{'term': 'Bedienung', 'polarity': 'negative'}]"
1112,"Alles perfekt, eindeutig griechisch lecker, ok., der Reihe nach, im Detail:die sehr gute Vorspeise weckt den Appetit auf das Hauptgericht, das sowohl als Fleisch- und als Fischvariante absolut Klasse war, Ambiente angenehme Schlichtheit und das Personal in seiner waschechten, gastfreundlichen, griechischen Art einfach super!!","[{'term': 'Vorspeise', 'polarity': 'positive'}, {'term': 'Fleisch- und als Fischvariante', 'polarity': 'positive'}, {'term': 'Ambiente', 'polarity': 'positive'}, {'term': 'Personal', 'polarity': 'positive'}]"
1113,"Daraufhin hat sie mich angepamt, ich w√ºrde an einem Tisch sitzen der gesperrt sei.","[{'term': 'noaspectterm', 'polarity': 'negative'}]"
1117,"Leute, macht einen gro√üen Bogen um dieses Restaurant.","[{'term': 'Restaurant', 'polarity': 'negative'}]"
1121,Wir kommen gerne wieder.,"[{'term': 'noaspectterm', 'polarity': 'positive'}]"
1128,"Wenn ich wieder in der LOC bin, komme ich gerne wieder!","[{'term': 'noaspectterm', 'polarity': 'positive'}]"
1134,"lokale K√ºche (T√∂ttchen), ein eigenes Bier und vor allem super Service.","[{'term': 'Service', 'polarity': 'positive'}]"
1168,Der Preis mit 9.90‚Ç¨ definitiv nicht gerechtfertigt.,"[{'term': 'Preis', 'polarity': 'negative'}]"
1239,Netter und freundlicher Service.,"[{'term': 'Service', 'polarity': 'positive'}]"
1256,Was mir etwas fehlte ist eine noch klarere Ausrichtung der K√ºche - nat√ºrlich optimalerweise auf die westf√§lische K√ºche.,"[{'term': 'K√ºche', 'polarity': 'negative'}]"
1282,Schade.,"[{'term': 'noaspectterm', 'polarity': 'negative'}]"
1285,"Der Laden ist voll, das Personal bleibt freundlich und angenehm nett.","[{'term': 'Personal', 'polarity': 'positive'}]"
1346,"Service ist top, aber die Qualit√§t das Essens war schrecklich.","[{'term': 'Service', 'polarity': 'positive'}, {'term': 'Essens', 'polarity': 'negative'}]"
1348,Die Portionsgr√∂√üen sind tendenziell gro√üz√ºgig.,"[{'term': 'Portionsgr√∂√üen', 'polarity': 'positive'}]"
1355,"Anstatt es einfach auszutauschen wurde mir gesagt, das ich da eben Pech habe.","[{'term': 'noaspectterm', 'polarity': 'negative'}]"
1394,Wir waren durchweg alle zufrieden.,"[{'term': 'noaspectterm', 'polarity': 'positive'}]"
1419,Das Preis-Leistungsverh√§ltnis nach unserem Empfinden nicht in Ordnung.,"[{'term': 'Preis-Leistungsverh√§ltnis', 'polarity': 'negative'}]"
1449,Uns hat das Ambiente der Metzgerei ebenfalls sehr gut gefallen.,"[{'term': 'Metzgerei', 'polarity': 'positive'}]"
1459,"Speziell die Bedienungung Frau Vorname, LOC super aufmerksam, freundlich und nett.","[{'term': 'Frau Vorname', 'polarity': 'positive'}]"
1511,Freundlich empfangen und zum Tisch gebracht.,"[{'term': 'noaspectterm', 'polarity': 'positive'}]"
1525,"Seeehr leckeres Essen, tolles Ambiente und Personal.","[{'term': 'Essen', 'polarity': 'positive'}, {'term': 'Ambiente', 'polarity': 'positive'}, {'term': 'Personal', 'polarity': 'positive'}]"
1569,"Von der Preisstruktur her gehoben, kann die Qualit√§t des Essens nicht mithalten: teilweise gut (Spargel), teilweise grottig (stark versalzene Beilagen , Gem√ºse nicht frisch, sondern an Tiefk√ºhlgem√ºse erinnernd, sehr durchwachsenes Fleisch).","[{'term': 'Preisstruktur', 'polarity': 'negative'}, {'term': 'Essens', 'polarity': 'negative'}, {'term': 'Spargel', 'polarity': 'positive'}, {'term': 'Beilagen', 'polarity': 'negative'}, {'term': 'Gem√ºse', 'polarity': 'negative'}, {'term': 'Fleisch', 'polarity': 'neutral'}]"
1606,Die Pfefferso√üe eine Frechheit was den Geschmack angeht.,"[{'term': 'Pfefferso√üe', 'polarity': 'negative'}]"
1623,"Man sollte auf festes Schuhwerk achten, da einen ansonsten bei dem klebenden Boden die selbigen ausgezogen werden.","[{'term': 'Boden', 'polarity': 'negative'}]"
1640,Der Service ist eine Katastrophe!,"[{'term': 'Service', 'polarity': 'negative'}]"
1653,Direkt neben der LOC pr√§sentiert sich das LOC mit wundersch√∂nen R√§umen.,"[{'term': 'R√§umen', 'polarity': 'positive'}]"
1660,Auch der Murrejubbel Kn√∂del und vor allem das LOC mit Apfelreduktion war ein Highlight.,"[{'term': 'Murrejubbel Kn√∂del', 'polarity': 'positive'}, {'term': 'LOC mit Apfelreduktion', 'polarity': 'positive'}]"
1681,Das war leider das letzte Mal!,"[{'term': 'noaspectterm', 'polarity': 'negative'}]"
1683,LOC ist zu empfehlen.,"[{'term': 'LOC', 'polarity': 'positive'}]"
1687,"In einem guten Restaurant wird einem das vorher gesagt, bevor sie auf den Tisch gestellt wird.","[{'term': 'noaspectterm', 'polarity': 'negative'}]"
1688,"Von au√üen recht unscheinbar entpuppt sich das Haus als gem√ºtliches, uriges und stilecht eingerichtetes Altbiergasthaus mit gro√üem Platzangebot.","[{'term': 'Altbiergasthaus', 'polarity': 'positive'}, {'term': 'Platzangebot', 'polarity': 'positive'}]"
1689,Daf√ºr ist die Auswahl an Getr√§nken sehr ordentlich.,"[{'term': 'Auswahl an Getr√§nken', 'polarity': 'positive'}]"
1717,"Auf ein zwei sch√∂ne Biere kommen wir sicher wieder, essen werden wir vermutlich nicht mehr.","[{'term': 'Biere', 'polarity': 'positive'}, {'term': 'essen', 'polarity': 'negative'}]"
1718,Beides wurde einzeln gebracht mit einer Verz√∂gerung von 10min.,"[{'term': 'Verz√∂gerung', 'polarity': 'negative'}]"
1740,"Klasse, wie immer.","[{'term': 'noaspectterm', 'polarity': 'positive'}]"
1769,Die Sauce und das Gem√ºse waren in Ordnung.,"[{'term': 'Sauce', 'polarity': 'neutral'}, {'term': 'Gem√ºse', 'polarity': 'neutral'}]"
1773,Wir hatten eine sehr freundliche Bedienung.,"[{'term': 'Bedienung', 'polarity': 'positive'}]"
1794,Gestresste √ºberhebliche Kellner und das Essen nur noch Mittelmass.,"[{'term': 'Kellner', 'polarity': 'negative'}, {'term': 'Essen', 'polarity': 'neutral'}]"
1821,"Dann LOC Knipp - Knipp, Gurken und Apfelmus fein, kann man nicht viel falsch machen.","[{'term': 'Gurken', 'polarity': 'positive'}, {'term': 'Apfelmus', 'polarity': 'positive'}]"
1831,Ich wei√ü nicht was das soll.,"[{'term': 'noaspectterm', 'polarity': 'negative'}]"
1885,Kommen immer wieder gerne!,"[{'term': 'noaspectterm', 'polarity': 'positive'}]"
1893,Das k√∂nnen viele besser.,"[{'term': 'noaspectterm', 'polarity': 'negative'}]"
1974,Wer sich bestrafen m√∂chten bestellt ein Steak Tartare.,"[{'term': 'Steak Tartare', 'polarity': 'negative'}]"
2027,√úbel in der Optik und dem faden Geschmack.,"[{'term': 'noaspectterm', 'polarity': 'negative'}]"
2036,Leider waren wir dieses Mal mit den Speisen nicht zufrieden.,"[{'term': 'Speisen', 'polarity': 'negative'}]"
2081,"Gro√üartige Gerichte, kreiert mit besten Produkten, auch aus der Region; delikat, gradlinig, auf hohem Niveau.","[{'term': 'Gerichte', 'polarity': 'positive'}, {'term': 'Produkten', 'polarity': 'positive'}]"
27,"Sehr schade, da sitzt man im ""LOC"", einem der sch√∂nsten M√ºnchner Innenh√∂fen, und die Qualit√§t vom Essen ist einfach nur entt√§uschend - in keiner Relation, weder zum Ruf des Hauses noch zu den Preisen, ob Kn√∂del, Schnitzel, Pommes, Bratw√ºrste oder Bratkartoffeln.","[{'term': 'Innenh√∂fen', 'polarity': 'positive'}, {'term': 'Essen', 'polarity': 'positive'}, {'term': 'Kn√∂del', 'polarity': 'negative'}, {'term': 'Schnitzel', 'polarity': 'negative'}, {'term': 'Pommes', 'polarity': 'negative'}, {'term': 'Bratw√ºrste', 'polarity': 'negative'}, {'term': 'Bratkartoffeln', 'polarity': 'negative'}]"
63,Nicht zu empfehlen!,"[{'term': 'noaspectterm', 'polarity': 'negative'}]"
86,Die Bedienung ist super nett und das Essen war wirklich wunderbar!,"[{'term': 'Bedienung', 'polarity': 'positive'}, {'term': 'Essen', 'polarity': 'positive'}]"
93,"Wir hatten zun√§chst eine Gans zu Weihnachten, die war spektakul√§r und braucht keinen Vergleich zu scheuen.","[{'term': 'Gans', 'polarity': 'positive'}]"
103,Wir wurden bedient von dem netten Fr√§ulein Susanna.,"[{'term': 'Susanna', 'polarity': 'positive'}]"
176,Das Essen ist ein Traum üòç,"[{'term': 'Essen', 'polarity': 'positive'}]"
198,Einfaches Restaurant mit schlechten Service und kaum glutenfreie Speisen.,"[{'term': 'Speisen', 'polarity': 'negative'}, {'term': 'Service', 'polarity': 'negative'}]"
202,"Es war ein wundersch√∂nes Erlebnisses, ein Hochgenuss der Suchtpotential hat.","[{'term': 'noaspectterm', 'polarity': 'positive'}]"
258,Wir wurden auch sehr nett begr√º√üt und an unseren Platz gebracht.,"[{'term': 'noaspectterm', 'polarity': 'positive'}]"
265,Unterm Strich: einfache Biergartenk√ºche zu gehobenen Preisen.,"[{'term': 'Biergartenk√ºche', 'polarity': 'negative'}, {'term': 'Preisen', 'polarity': 'negative'}]"
313,"Das wir uns f√ºr den LOC entschieden haben, bereuen wir in keinster Weise.","[{'term': 'LOC', 'polarity': 'positive'}]"
347,Wir haben drau√üen gesessen und wurde sehr freundlich bedient.,"[{'term': 'noaspectterm', 'polarity': 'positive'}]"
369,Eigentlich fehlen mir die Worte!!,"[{'term': 'noaspectterm', 'polarity': 'negative'}]"
384,Ideal f√ºr ein Essen mit einer gr√∂√üeren Gruppe.,"[{'term': 'noaspectterm', 'polarity': 'positive'}]"
415,"Wir waren schon √∂fters hier, war immer top.","[{'term': 'noaspectterm', 'polarity': 'positive'}]"
431,Das Kalbsschnitzel mit 19EUR nicht teuer aber absolut lieblos und dahin ger...zt.,"[{'term': 'Kalbsschnitzel', 'polarity': 'neutral'}, {'term': 'Kalbsschnitzel', 'polarity': 'negative'}]"
437,Gutes Essen Sch√∂ner Spielplatz,"[{'term': 'Essen', 'polarity': 'positive'}, {'term': 'Spielplatz', 'polarity': 'positive'}]"
447,"Wir sind maximal entt√§uscht und werden uns √ºberlegen, ob wir wirklich nochmal hingehen.","[{'term': 'noaspectterm', 'polarity': 'negative'}]"
499,"Der H√§hnchen D√∂ner wird durch zwei So√üen, Gem√ºse, Salat, Fetak√§se verfeinert und durch einen spitzer Zitrone abgerundet.","[{'term': 'H√§hnchen D√∂ner', 'polarity': 'positive'}, {'term': 'So√üen', 'polarity': 'positive'}, {'term': 'Gem√ºse', 'polarity': 'positive'}, {'term': 'Salat', 'polarity': 'positive'}, {'term': 'Fetak√§se', 'polarity': 'positive'}, {'term': 'Zitrone', 'polarity': 'positive'}]"
513,Die Pizzen sind au√üergew√∂hnliche lecker mit d√ºnnem Boden und sehr √ºppig belegt.,"[{'term': 'Pizzen', 'polarity': 'positive'}]"
530,Auch die Scherben wurden nicht alle entfernt.,"[{'term': 'noaspectterm', 'polarity': 'negative'}]"
558,"Der Service, vor allem von ""LOC"" war sehr freundlich und erstklassig.","[{'term': 'Service', 'polarity': 'positive'}]"
574,"Auf jeden Fall ein Besuch wert, bei den Speisen ist f√ºr jeden der Tapasliebhaber etwas dabei!","[{'term': 'Speisen', 'polarity': 'positive'}, {'term': 'noaspectterm', 'polarity': 'positive'}]"
587,So kann das mit ner Garstufe nicht klappen.,"[{'term': 'Garstufe', 'polarity': 'negative'}]"
629,"Das Essen ist mittelm√§√üig, geschmacklich kein Highlight, kein Unterschied zu einem normalen Asia Imbiss.","[{'term': 'Essen', 'polarity': 'neutral'}]"
633,Ich kann es nur empfehlen.,"[{'term': 'noaspectterm', 'polarity': 'positive'}]"
652,"Kurze Zeit sp√§ter folgt die Hauptspeise, wieder gut gef√ºllter Teller, gegrillter Fisch und Gem√ºse, ged√ºnstete Meeresfr√ºchte in LOC.","[{'term': 'Teller', 'polarity': 'positive'}]"
656,"befriedigendes Ausflugslokal, leider sehr dreckige Tische, Platzangebot direkt vor LOC obwohl LOC nur zu ca.","[{'term': 'Ausflugslokal', 'polarity': 'neutral'}, {'term': 'Tische', 'polarity': 'negative'}]"
730,"Wenn es mein Kaffee w√§re, w√ºrde ich diesen unzufriedenen Kellner fristlos entlassen!","[{'term': 'Kellner', 'polarity': 'negative'}, {'term': 'Kaffee', 'polarity': 'negative'}]"
734,Das Essen - Haxe wir Kaiserschmarrn - war ein kompletter Reinfall.,"[{'term': 'Essen', 'polarity': 'negative'}, {'term': 'Kaiserschmarrn', 'polarity': 'negative'}, {'term': 'Haxe', 'polarity': 'negative'}]"
744,Wir haben uns sehr wohl gef√ºhlt.,"[{'term': 'noaspectterm', 'polarity': 'positive'}]"
824,LOC EssenSuper BockWir hatten einen sehr sch√∂nen Abend im portugiesischen Viertel bei RESTAURANT_NAME.,"[{'term': 'RESTAURANT_NAME', 'polarity': 'positive'}]"
826,Das Essen war wirklich mega lecker und abwechslungsreich.,"[{'term': 'Essen', 'polarity': 'positive'}]"
854,"Nach 2 Stunden fragten wir, wo der Hauptgang bleibt.","[{'term': 'noaspectterm', 'polarity': 'negative'}]"
862,Auch ein ¬´Katzentisch¬ª direkt am Eingang kann man eigentlich nicht als solchen verkaufen (gerade im Winter wenn die Leute rein und rausgehen wird derjenige der dort mit dem R√ºcken zur T√ºr sitzt jedes Mal von kalter Zugluft eingeholt.,"[{'term': 'Zugluft', 'polarity': 'negative'}]"
872,Steak Men√º f√ºr 5 Personen ist mega mickrig!!,"[{'term': 'Steak Men√º', 'polarity': 'negative'}]"
892,Austern die nicht frisch waren.,"[{'term': 'Austern', 'polarity': 'negative'}]"
894,"Der LOC (42,50‚Ç¨) aus der Flasche war ordentlich, nicht mehr, der offene Sauvignon im Glas dagegen sehr blass und mit 6,90‚Ç¨ entschieden zu teuer veranschlagt.","[{'term': 'LOC', 'polarity': 'neutral'}, {'term': 'Sauvignon im Glas', 'polarity': 'negative'}, {'term': 'Sauvignon im Glas', 'polarity': 'negative'}]"
954,Es war f√ºr uns echt unangenehm.,"[{'term': 'noaspectterm', 'polarity': 'negative'}]"
960,"Wenn wir mal wieder in LOC sind, werden wir sicher wieder da essen gehen ‚ò∫Ô∏è","[{'term': 'noaspectterm', 'polarity': 'positive'}]"
977,Einzig unsere Bedienung h√§tte etwas freundlicher sein k√∂nnen.,"[{'term': 'Bedienung', 'polarity': 'negative'}]"
979,Super nette Bedienung und gute Qualit√§t beim Essen.,"[{'term': 'Bedienung', 'polarity': 'positive'}, {'term': 'Essen', 'polarity': 'positive'}]"
991,"Gesch√§tzt 10 Bedienungen haben versucht uns zu versorgen immer wieder Doppelbestellungen, weil keiner wirklich Wuste was der andere macht.","[{'term': 'Bedienungen', 'polarity': 'negative'}]"
996,"Die gew√§hlten Gerichte: Cordon Blue, doppelter Schaschlik-Spie√ü, Pfefferlendchen, zwei Kindergerichte und eine ‚Äûkleine Portion Rippchen‚Äú waren schmackhaft, appetitlich angerichtet und so reichlich konzipiert, dass eine gro√üe ‚Äûin weiser Voraussicht‚Äú mitgebrachte Dose auch das Mittagessen f√ºr den morgigen Tag gesichert hat.","[{'term': 'Cordon Blue', 'polarity': 'positive'}, {'term': 'Schaschlik-Spie√ü', 'polarity': 'positive'}, {'term': 'Pfefferlendchen', 'polarity': 'positive'}, {'term': 'Kindergerichte', 'polarity': 'positive'}, {'term': 'Rippchen', 'polarity': 'positive'}]"
997,"F√ºr jeden Geschmack, auch vegan üå±, war etwas dabei.","[{'term': 'noaspectterm', 'polarity': 'positive'}]"
1037,"Denn Erholung, was ja ein Abend mit gutem Essen, netter Unterhaltung miteinander und in stilvoller Umgebung, ausmacht, war es nicht.","[{'term': 'Essen', 'polarity': 'negative'}, {'term': 'Unterhaltung', 'polarity': 'negative'}, {'term': 'Umgebung', 'polarity': 'negative'}]"
1065,"Das vorab..Wir wurden sehr freundlich empfangen, zum Platz geleitet und auch die Bedienung war sehr kompetent und zuvorkommend.","[{'term': 'noaspectterm', 'polarity': 'positive'}, {'term': 'Bedienung', 'polarity': 'positive'}]"
1088,Das ungute Gef√ºhl ist geblieben.,"[{'term': 'noaspectterm', 'polarity': 'negative'}]"
1097,"Super Fleisch Beratung, essen gleichzeitig auf dem Tisch.","[{'term': 'Beratung', 'polarity': 'positive'}]"
1108,"Wir h√§tten uns dann wohl im Sinne dieser "" Menschlichkeit"" in den Regen setzen d√ºrfen.","[{'term': 'noaspectterm', 'polarity': 'negative'}]"
1110,Alle arbeiteten Hand in Hand.,"[{'term': 'noaspectterm', 'polarity': 'positive'}]"
1129,Schade dass bei so einer super Lage der Service so zu w√ºnschen √ºbrig l√§sst.,"[{'term': 'Service', 'polarity': 'negative'}, {'term': 'Lage', 'polarity': 'positive'}]"
1161,Durchaus einen Besuch wert.,"[{'term': 'noaspectterm', 'polarity': 'positive'}]"
1191,Der wirklich hervorragende Service hat den Besuch abgerundet.,"[{'term': 'Service', 'polarity': 'positive'}]"
1196,Das Personal war sehr freundlich und zuvorkommend.,"[{'term': 'Personal', 'polarity': 'positive'}]"
1246,"Insgesamt wirklich gut, Currywurst mit Pommes ist auch zu empfehlen.","[{'term': 'noaspectterm', 'polarity': 'positive'}, {'term': 'Currywurst mit Pommes', 'polarity': 'positive'}]"
1279,"Das Ambiente ist richtig toll, die Auswahl an Gerichten super.","[{'term': 'Ambiente', 'polarity': 'positive'}, {'term': 'Gerichten', 'polarity': 'positive'}]"
1318,"Die Garnelen waren k√∂stlich, die knoblauch hatte eine perfekte Note dazu gegeben und LOC noch einen leichten bis gehabt und einen runden Geschmack verleiht.","[{'term': 'Garnelen', 'polarity': 'positive'}, {'term': 'knoblauch', 'polarity': 'positive'}]"
1405,Insgesamt nicht weiterzuempfehlen.,"[{'term': 'noaspectterm', 'polarity': 'negative'}]"
1418,"Am Rand kalt, in der Mitte hei√ü.","[{'term': 'noaspectterm', 'polarity': 'negative'}]"
1446,Die bestellten Biersorten waren lecker!,"[{'term': 'Biersorten', 'polarity': 'positive'}]"
1455,"Wir wollten uns zum Hochzeitstag mal was besonderes g√∂nnen , doch sind wir beide sehr ent√§uscht worden , das Schnitzel war nicht nur schlabberig sondern auch ungew√ºrzt , die J√§gerso√üe war auch nicht besser , ein kleiner Salat sollte eigentlich zu jedem Gericht geh√∂ren , einzig die Bedienung war freundlich .","[{'term': 'Schnitzel', 'polarity': 'negative'}, {'term': 'J√§gerso√üe', 'polarity': 'negative'}, {'term': 'Bedienung', 'polarity': 'positive'}]"
1505,Ist ganz nett.,"[{'term': 'noaspectterm', 'polarity': 'positive'}]"
1519,Preis-Leistung ust mit sehr schlecht zu bewerten.,"[{'term': 'Preis-Leistung', 'polarity': 'negative'}]"
1529,Wer auf Haxe steht macht hier gar nichts falsch ...,"[{'term': 'Haxe', 'polarity': 'positive'}]"
1542,Wir mussten fast 2 Stunden auf den Hauptgang warten!,"[{'term': 'noaspectterm', 'polarity': 'negative'}]"
1562,Das Fleisch vom Hauptgang war Ihnen kalt.,"[{'term': 'Fleisch', 'polarity': 'negative'}]"
1604,"Die LOC war hart, das Fett darunter fest und das Fleisch z√§h, trocken und ging nur schwer zu schneiden.","[{'term': 'LOC', 'polarity': 'negative'}, {'term': 'Fleisch', 'polarity': 'negative'}, {'term': 'Fett', 'polarity': 'negative'}]"
1638,Wir werden das Restaurant sicherlich noch einige Male besuchen.,"[{'term': 'Restaurant', 'polarity': 'positive'}]"
1639,Anschlie√üend war die Bedienung v√∂llig mit jeglicher Weinempfehlung √ºberfordert.,"[{'term': 'Bedienung', 'polarity': 'negative'}]"
1686,"Ja, die So√üe ist lecker.","[{'term': 'So√üe', 'polarity': 'positive'}]"
1706,Die Klimaanlage hatte wohl Pause.,"[{'term': 'Klimaanlage', 'polarity': 'negative'}]"
1780,"Gutes Preiswertes Essen, sehr gute Atmosph√§re, vielen Dank an Victor f√ºr den tollen Service.","[{'term': 'Essen', 'polarity': 'positive'}, {'term': 'Atmosph√§re', 'polarity': 'positive'}, {'term': 'Service', 'polarity': 'positive'}]"
1784,"Am Ende waren wir sehr entt√§uscht von dem sehr unfreundlichen Service, weshalb wir kein Trinkgeld gegeben haben, daraufhin bekamen wir zum Abschied nicht Mal ein Tsch√ºss.","[{'term': 'Service', 'polarity': 'negative'}]"
1797,Insgesamt sch√∂ne Beauhausatmosph√§re mit nettem Personal.,"[{'term': 'Beauhausatmosph√§re', 'polarity': 'positive'}, {'term': 'Personal', 'polarity': 'positive'}]"
1799,!Dieses Lokal k√∂nnen wir sehr guten Gewissens nur empfehlen (und wir empfehlen nur selten Restaurants).,"[{'term': 'Lokal', 'polarity': 'positive'}]"
1896,"Das war kein Vergleich zum LOC: Hier, im LOC, gab es deutlich besseres Essen und eine bessere Serviceleistung, lag auch an einer Servicekraft (Andrea).","[{'term': 'Essen', 'polarity': 'positive'}, {'term': 'Serviceleistung', 'polarity': 'positive'}, {'term': 'Andrea', 'polarity': 'positive'}]"
1913,"Das Essen war soweit in Ordnung, Standard w√ºrde ich sagen daf√ºr aber 2-3 Euro zu teuer.","[{'term': 'Essen', 'polarity': 'neutral'}, {'term': 'Essen', 'polarity': 'negative'}]"
1934,"Schon beim betreten hat der Wirt respektlose und super unfreundliche Bemerkungen gemacht, ging dann so weiter und beim Bezahlungen hat ein anderer angestellter auch angefangen zu meckern.","[{'term': 'Wirt', 'polarity': 'negative'}, {'term': 'angestellter', 'polarity': 'negative'}]"
1946,"Man sitzt sehr sch√∂n, vor allem LOC Weihnachtszeit.","[{'term': 'noaspectterm', 'polarity': 'positive'}]"
2063,Der Kellner war unh√∂flich und v√∂llig unfreundlich.,"[{'term': 'Kellner', 'polarity': 'negative'}]"
2089,Wir werden nach unserem eigenen Erlebnis nicht mehr dort hingehen.,"[{'term': 'noaspectterm', 'polarity': 'negative'}]"
2112,Verstehe 0 warum die Leute es gut finden,"[{'term': 'noaspectterm', 'polarity': 'negative'}]"
0,Gem√ºtliche Atmung und rustikale Deko an W√§nden.,"[{'term': 'Atmung', 'polarity': 'positive'}, {'term': 'Deko an W√§nden', 'polarity': 'positive'}]"
119,"Super Abend, ich komme regelm√§√üig zum Steak essen in die RESTAURANT_NAME.","[{'term': 'RESTAURANT_NAME', 'polarity': 'positive'}]"
185,Es gibt auch eine gro√üe Auswahl an Bieren.,"[{'term': 'Bieren', 'polarity': 'positive'}]"
205,Uns hat es leider nicht √ºberzeugt.,"[{'term': 'noaspectterm', 'polarity': 'negative'}]"
242,Allein der Rotwein war nichts Besonderes.,"[{'term': 'Rotwein', 'polarity': 'neutral'}]"
314,Unsere Erwartungen wurden sogar noch √ºbertroffen.,"[{'term': 'noaspectterm', 'polarity': 'positive'}]"
329,"Der sogenannte Chef de Service wurde sehr laut und wiederholte sich st√§ndig, dass wir ja schliesslich zu sp√§t gekommen seien.","[{'term': 'Chef de Service', 'polarity': 'negative'}]"
341,Ich habe hier einen wirklich leckeren Burger gegessen und die Atmosph√§re war einfach toll!,"[{'term': 'Burger', 'polarity': 'positive'}, {'term': 'Atmosph√§re', 'polarity': 'positive'}]"
345,Die Lage direkt an der LOC ist nicht zu √ºbertreffen.,"[{'term': 'Lage', 'polarity': 'positive'}]"
393,"Dass man dort nicht ein einziges Gew√ºrz in der K√ºche stehen hat, muss ich wohl kaum betonen.","[{'term': 'noaspectterm', 'polarity': 'negative'}]"
419,"Super f√ºr sorglose, entspannte Familienfeiern, gro√üe Auswahl, viele Getr√§nke inklusive, super Service","[{'term': 'Auswahl', 'polarity': 'positive'}, {'term': 'Getr√§nke', 'polarity': 'positive'}, {'term': 'Service', 'polarity': 'positive'}, {'term': 'noaspectterm', 'polarity': 'positive'}]"
459,Der Service war trotz des Trubels aufmerksam und sehr freundlich.,"[{'term': 'Service', 'polarity': 'positive'}]"
465,Leider war der Hauptgang Rinderfilet so z√§h und durchwachsen dass dies den guten Gesamteindruck nachhaltig besch√§digt hat.,"[{'term': 'Rinderfilet', 'polarity': 'negative'}]"
473,"Sie war super freundlich, zuvorkommend und kompetent :)","[{'term': 'noaspectterm', 'polarity': 'positive'}]"
480,Leider schlecht.,"[{'term': 'noaspectterm', 'polarity': 'negative'}]"
484,"Besonders hervorzuheben, war der Kellner Jacques.","[{'term': 'Jacques', 'polarity': 'positive'}]"
488,Die Schnitzel war sehr lecker und auch die So√üen waren nicht pampig.,"[{'term': 'Schnitzel', 'polarity': 'positive'}, {'term': 'So√üen', 'polarity': 'positive'}]"
520,"Das findet man sonst nicht, und macht die Faszination LOC aus.","[{'term': 'LOC', 'polarity': 'positive'}]"
594,"Der laue Sommerabend unter den grossen Sonnensegeln war schoen, allerdings wirkt der Aussenbereich etwas sehr ‚Äûselbstgemacht‚Äú, das kann sicher boch etwas sch√∂ner werden.","[{'term': 'Sommerabend unter den grossen Sonnensegeln', 'polarity': 'positive'}, {'term': 'Aussenbereich', 'polarity': 'negative'}]"
611,Schade.,"[{'term': 'noaspectterm', 'polarity': 'negative'}]"
649,"Kein Danke, kein Auf Wiedersehen .","[{'term': 'noaspectterm', 'polarity': 'negative'}]"
650,"Authentisch, so wie ich es mag.. hatte klassisch ein schnitzel mit j√§gersauce‚Ä¶ must try.","[{'term': 'schnitzel mit j√§gersauce', 'polarity': 'positive'}]"
657,Fazit: Geht gar nicht !,"[{'term': 'noaspectterm', 'polarity': 'negative'}]"
663,"Um uns zu unterhalten, mussten wir uns fast schon anschreien.","[{'term': 'noaspectterm', 'polarity': 'negative'}]"
680,"Es ist sehr schade, dass die G√§ste in diesem Restaurant so behandelt werden.","[{'term': 'noaspectterm', 'polarity': 'negative'}]"
685,"Daf√ºr ohne Reservierung im √ºberf√ºllten RESTAURANT_NAME trotzdem eine angenehme Platz-Zuweisung vor Ort,naja,bei DEN Preisen‚Ä¶","[{'term': 'Preisen', 'polarity': 'negative'}, {'term': 'Platz-Zuweisung', 'polarity': 'positive'}, {'term': 'RESTAURANT_NAME', 'polarity': 'negative'}]"
692,Der danach bestellte Glasnudelsalat war langweilig gew√ºrzt.,"[{'term': 'Glasnudelsalat', 'polarity': 'negative'}]"
723,"Nach zehn Minuten, als wir noch den z√§hen Braten versuchten runterzubekommen wurde die Au√üenbeleuchtung der LOC entfernt und die Schirme zusammengeklappt, da es etwas windig war und m√∂glicher wei√üe ein Gewitter aufzog.","[{'term': 'Braten', 'polarity': 'negative'}]"
750,"Ein tolles Gew√∂lbe, gutes Konzept, angenehme jazzige Hintergrundmusik, gute Speisekarte.","[{'term': 'Gew√∂lbe', 'polarity': 'positive'}, {'term': 'Hintergrundmusik', 'polarity': 'positive'}, {'term': 'Speisekarte', 'polarity': 'positive'}]"
766,Sehr leckeres Essen und super Happy Hour f√ºr Cocktails!,"[{'term': 'Essen', 'polarity': 'positive'}, {'term': 'Cocktails', 'polarity': 'positive'}]"
865,"Die Speisen sind einfache, bayerische Klassiker in guter Qualit√§t.","[{'term': 'Speisen', 'polarity': 'positive'}]"
893,Mit leckerem Wein tollem Essen und einem super Service.,"[{'term': 'Wein', 'polarity': 'positive'}, {'term': 'Essen', 'polarity': 'positive'}, {'term': 'Service', 'polarity': 'positive'}]"
897,Essen war absolut in Ordnung.,"[{'term': 'Essen', 'polarity': 'neutral'}]"
915,Kommen bestimmt wieder.,"[{'term': 'noaspectterm', 'polarity': 'positive'}]"
951,Die Mitarbeiter waren sehr freundlich und schnell obwohl es sehr voll war.,"[{'term': 'Mitarbeiter', 'polarity': 'positive'}]"
1070,"Der schlechteste und zugleich teuerste Burger aller Zeiten f√ºr 14,90 ‚Ç¨ ohne jegliche Beilage.","[{'term': 'Burger', 'polarity': 'negative'}, {'term': 'Burger', 'polarity': 'negative'}]"
1094,"Nie wieder ""Fr√ºh am LOC""...Soviel Arroganz, Ignoranz und Unfreundlichkeit kann EIN (1) Mensch doch gar nicht alleine haben!!","[{'term': 'noaspectterm', 'polarity': 'negative'}, {'term': 'noaspectterm', 'polarity': 'negative'}]"
1139,Mit der Reservierung des Tisches ( 4 Personen -( satte 120 ‚Ç¨) - mit diesen 4 Burgern und 4 kleinen Getr√§nken haben wir schlie√ülich 245 ‚Ç¨ gezahlt !,"[{'term': 'noaspectterm', 'polarity': 'negative'}]"
1179,"Wir erhielten kleine Teller mit recht √ºberschaubaren Portionen (keine Oliven, die ich bei jeder Art von Griechen erwarte ) Geschmacklich war alles in Ordnung.","[{'term': 'noaspectterm', 'polarity': 'neutral'}, {'term': 'Portionen', 'polarity': 'negative'}]"
1181,Bier kann man gut trinken und der Service war sehr nett.,"[{'term': 'Bier', 'polarity': 'positive'}, {'term': 'Service', 'polarity': 'positive'}]"
1195,"Allerdings dauerte es ewig bis das Essen kam, obwohl das Lokal nur zu 1/3 gef√ºllt war.","[{'term': 'noaspectterm', 'polarity': 'negative'}]"
1217,"Das geht gar nicht, wenn man zu zweit essen geht!!","[{'term': 'noaspectterm', 'polarity': 'negative'}]"
1288,Mit eine M√§nnergruppe w√§ren alle verhungert!,"[{'term': 'noaspectterm', 'polarity': 'negative'}]"
1306,Unglaublich entt√§uschend.,"[{'term': 'noaspectterm', 'polarity': 'negative'}]"
1319,"Richtig cool sind die vielen Stammtische, wo jeder ein eigenes Wappen hat, sowie die versperrten Bierkr√ºge.","[{'term': 'Stammtische', 'polarity': 'positive'}, {'term': 'Bierkr√ºge', 'polarity': 'positive'}]"
1335,Sch√∂nes Ambiente.,"[{'term': 'Ambiente', 'polarity': 'positive'}]"
1341,Insgesamt empfand ich das gesamte Servicepersonal als herablassend.,"[{'term': 'Servicepersonal', 'polarity': 'negative'}]"
1349,"Als Kommentar kam nur der freche Spruch: das ist ebenso, da die Toilette im Untergeschoss sei.","[{'term': 'noaspectterm', 'polarity': 'negative'}]"
1356,Die Kellner sind alle sehr nett und zuvorkommend,"[{'term': 'Kellner', 'polarity': 'positive'}]"
1357,Ein tolles italienisches Restaurant.,"[{'term': 'Restaurant', 'polarity': 'positive'}]"
1453,Schlechtester Service ever!,"[{'term': 'Service', 'polarity': 'negative'}]"
1478,Selbst am Nachbartisch hat eine Frau nur ein paar Happen von Ihrer Haxe und dem Kn√∂del gegessen und den Rest zur√ºckgegeben.,"[{'term': 'noaspectterm', 'polarity': 'negative'}]"
1530,"Auf meine Beschwerde hin wurde mir gesagt, dass das bayrische Bier eben viel Schaum habe.","[{'term': 'noaspectterm', 'polarity': 'negative'}]"
1536,Preis / Leistung stimmt.,"[{'term': 'Preis / Leistung', 'polarity': 'positive'}]"
1568,Die M√∂glichkeit online zu bestellen ist innovativ.,"[{'term': 'noaspectterm', 'polarity': 'positive'}]"
1581,wahren alle super zuvorkommend und lieb.,"[{'term': 'noaspectterm', 'polarity': 'positive'}]"
1593,"Die von uns ausgew√§hlten Salate waren frisch, lecker und reichhaltig.","[{'term': 'Salate', 'polarity': 'positive'}]"
1601,"Wir haben dann Lasagne bestellt, die leider ziemlich kalt serviert wurde und auch sonst nur durchschnittlich geschmeckt hat.","[{'term': 'Lasagne', 'polarity': 'negative'}]"
1622,Es gab keine reine Rebe und zudem recht teuer.,"[{'term': 'noaspectterm', 'polarity': 'negative'}, {'term': 'noaspectterm', 'polarity': 'negative'}]"
1629,"Das LOC schmeckte sehr gut, die hausgemachten Sp√§tzle exzellent.","[{'term': 'LOC', 'polarity': 'positive'}, {'term': 'Sp√§tzle', 'polarity': 'positive'}]"
1771,"Anschlie√üend hatte jeder ein Ma√ü bestellt, wo die fast die H√§lfte des Bieres aus Schaum bestand, allein das grenzte an Betrug.","[{'term': 'Bieres', 'polarity': 'negative'}]"
1779,Hier werden Sie mit leckerem Sardellencreme serviert.,"[{'term': 'Sardellencreme', 'polarity': 'positive'}]"
1783,"Fr√§nkische Bratw√ºrste, die waren gut, aber das Sauerkraut dazu hat nach gar nichts geschmeckt.","[{'term': 'Fr√§nkische Bratw√ºrste', 'polarity': 'positive'}, {'term': 'Sauerkraut', 'polarity': 'negative'}]"
1801,"F√ºr uns steht klar ,es war das erste und letzte mal .","[{'term': 'noaspectterm', 'polarity': 'negative'}]"
1819,Das Essen war sehr gut!,"[{'term': 'Essen', 'polarity': 'positive'}]"
1836,Schnelle K√ºche mit geringem Anspruch.,"[{'term': 'K√ºche', 'polarity': 'negative'}]"
1841,"Ein solides italienisches Restaurant in der LOC, mit selbstgemachte Pasta, guter Auswahl und immer wieder ein Besuch wert.","[{'term': 'Restaurant', 'polarity': 'positive'}, {'term': 'Auswahl', 'polarity': 'positive'}, {'term': 'noaspectterm', 'polarity': 'positive'}]"
1843,Ganz klare Empfehlungen unsererseits.,"[{'term': 'noaspectterm', 'polarity': 'positive'}]"
1844,Toll finde ich auch die Speisekarte.,"[{'term': 'Speisekarte', 'polarity': 'positive'}]"
1866,"30% - ausreichend Personal, System der Annahme von Bestellungen nicht erkennbar.","[{'term': 'System der Annahme von Bestellungen', 'polarity': 'negative'}]"
1879,Es war ein toller Abend.,"[{'term': 'noaspectterm', 'polarity': 'positive'}]"
1918,23 abends dann doch etwas frisch auf der Terrasse.,"[{'term': 'Terrasse', 'polarity': 'negative'}]"
1920,Auch die Schnitzel kamen innerhalb einer 5-Minuten Frist und waren Massenware.,"[{'term': 'Schnitzel', 'polarity': 'negative'}]"
1933,Hier wird man schlicht verarscht.,"[{'term': 'noaspectterm', 'polarity': 'negative'}]"
1940,H√§tte gerne nach dem tollen Essen einen Fernet Branca bestellt.,"[{'term': 'Essen', 'polarity': 'positive'}]"
1972,Nix zu bem√§ngeln.,"[{'term': 'noaspectterm', 'polarity': 'positive'}]"
1976,"Die Vorspeisen sind normalerweise sehr zu empfehlen,aber hier stimmt das Preis-Leistungsverh√§ltnis √ºberhaupt nicht mehr.","[{'term': 'Vorspeisen', 'polarity': 'positive'}, {'term': 'Vorspeisen', 'polarity': 'negative'}]"
1992,Ich ziehe meinen Hut vor den Kollegen und Kolleginnen aus der K√ºche und dem Service.,"[{'term': 'Service', 'polarity': 'positive'}, {'term': 'Kollegen und Kolleginnen aus der K√ºche', 'polarity': 'positive'}]"
2011,"Eine der Servicekr√§fte deutete auf die Uhr und teilte mir in einem barschen Tonfall mit, dass man um 22:00 Uhr schlie√üe.","[{'term': 'Servicekr√§fte', 'polarity': 'negative'}]"
2088,Getr√§nke und Speisen standen ruckzuck auf dem Tisch.,"[{'term': 'noaspectterm', 'polarity': 'positive'}]"
2095,unumg√§ngliches Restaurant!,"[{'term': 'Restaurant', 'polarity': 'positive'}]"
2110,"Der junge Service ist √§u√üerst freundlich, erkl√§rt sehr angenehm und macht seinen Job gerne.","[{'term': 'Service', 'polarity': 'positive'}]"
2128,Sehr nettes Ambiente drin wie drau√üen.,"[{'term': 'drin', 'polarity': 'positive'}, {'term': 'drau√üen', 'polarity': 'positive'}]"
